Time,SI,Vel_x,Vel_y,Vel_z
1710804579.8275015,0.0033069373829763826,-0.07688243542887548,0.06195629934997427,-0.13832886742410855,0.00042746245162561536,0.00021342722175177187,0.0006379917613230646,1.1195519707777564,-1.338730988284901,0.27296896088452793,0.1905464400351049,-0.3999985924738306,-0.3000393885268782,0.3999253688507385
1710804580.1062722,0.019653508004172204,0.5954095984448898,-0.6100108804750611,-0.9930394163887606,0.00013415310240816325,-0.0004976855707354844,9.768910967977718e-05,0.997840310293971,-1.1724203265530626,0.10257984814532684,-0.08683075189590436,-0.3999904607462462,-0.30004968609714294,0.39992056593787817
1710804580.2706943,0.021692317145974416,0.16041783056417475,-0.05994472326450994,0.0308626010286554,-0.0005943478900007904,0.0017924730200320482,-0.0004995353519916534,0.9713669359402299,-1.146393521223997,0.09285418587060879,-0.08182348489761335,-0.3999860160164463,-0.30002573127333293,0.3999180756021222
1710804580.4310746,0.036209895758802846,0.2876774283842792,-0.0704866656714783,0.021914476055944432,-0.0009335735812783241,0.0016678089741617441,-0.0019588766153901815,0.9294476787714088,-1.099781015617084,0.08143319911722491,-0.07827267229557017,-0.4000054794505729,-0.30003185474321525,0.39992352095536243
1710804580.5912106,0.05925906385165303,0.21620667842115665,-0.0759781302247897,0.04273514312476136,-7.590041786897928e-05,-0.0003768196329474449,-0.0002794364409055561,0.8950675745656042,-1.0652201458181942,0.0692880133836602,-0.07144141376018504,-0.3999786654922047,-0.3000673349825366,0.3999144629675
1710804580.7539659,0.07328057395974841,0.23487471444752123,-0.05699826606869456,-0.03972875903402097,-0.00042754350579343736,0.00044713899842463434,-0.00026413932209834456,0.8667441638451666,-1.0270986098953583,0.06003686239199996,-0.07788962304592115,-0.39998725424275344,-0.30005768428468216,0.3999269846865058
1710804580.9050434,0.10285145435294529,0.6455743941284731,0.0550002649725006,-0.1081607921386074,-0.00042764737736433744,0.0005297355819493532,-0.002207055687904358,0.8123872904166075,-0.9290947753802132,0.06838638324610835,-0.09430937647819496,-0.3999790433277238,-0.30005711362057236,0.39991632230895624
1710804581.0586524,0.11451415729573533,0.05887942225799004,-0.15041774436769098,0.12309986512046102,-0.0006335587240755558,0.000710909953340888,-0.0009884005412459373,0.7845772726558611,-0.9200400180367186,0.0452544277483552,-0.07537849426269513,-0.3999899326083493,-0.300043984756479,0.39988818007466725
1710804581.2161586,0.19994955395663983,0.06505289786648126,-0.13592844084678427,0.5165232762657985,-0.0007235291413962841,-0.0015045317122712731,-0.00023194265668280423,0.7207791132107504,-0.9097404587469055,0.023733433579167296,0.006400523781776614,-0.3999867991117147,-0.30002791011136576,0.3999133302583974
1710804581.385002,0.2673304981210438,0.519620022199619,0.10430251996375711,0.10505346013845278,-0.00025524996453896165,-0.0001350602542515844,-0.001684925053268671,0.661112657460016,-0.8234284628003903,0.04105870646263726,0.02385053232312219,-0.400004867719361,-0.30003262689199245,0.39993444223268204
1710804581.5483422,0.22521734572555996,-0.546404744234285,-0.06552939487458066,1.0143487551280186,-0.0002829961013048887,0.00043475121492519975,-0.0012658960185945034,0.6453488427621443,-0.9138990525153083,0.03020872197673563,0.19180062979459778,-0.39998995797260795,-0.3000326137955684,0.3999189412140043
1710804581.8469293,0.26085253631601146,0.09144739966392565,0.07204233219946347,-0.008030402583115869,-0.0009220285573974252,0.00019606373098213226,-0.0016966437688097358,0.6365601280255152,-0.8875394077612122,0.05097487050598204,0.1894858722388746,-0.39998308960577444,-0.30004539260080393,0.39991972908471735
1710804581.9984772,0.2597981994168601,0.0648116512503366,0.09729879684381441,0.04573721546519101,0.0004995581111870706,0.00011927961895707995,-0.0013158650835976005,0.6350624044482315,-0.8770567516474891,0.06671200739288427,0.1968834233283998,-0.3999997522464246,-0.30002497202991163,0.3999224954053417
1710804582.3870382,0.24735754647469532,0.07296556065659113,0.10741527386682291,-0.01173462386888072,0.00017393784946762025,-0.0008699560421518981,0.0022500648628920317,0.6413202786337169,-0.848721462656424,0.10842542396478708,0.1923264247179033,-0.3999903447216445,-0.3000296414268393,0.39992349391627496
1710804582.8912346,0.22305397348114808,-0.009723783868808532,0.05064557162534362,0.012804466942946718,-0.000952855683863163,0.001127729774452746,0.0003095807624049485,0.6592269201487843,-0.8536197060167294,0.1339375433505822,0.198776526451111,-0.39999167545568726,-0.30003331117398463,0.399950678770386
1710804583.0505326,0.21133566387537628,-0.1369214706139772,-0.07125428252949327,-0.0018209185172699772,-0.0007226471207104623,0.002211695769801736,1.233856164617464e-05,0.6673037349316562,-0.8755050526576161,0.12254835313948576,0.19848547324538246,-0.39997428949057645,-0.3000546899966274,0.39990899686565706
1710804583.2165318,0.19036855798705843,-0.2577643183499291,-0.18765236600213864,-0.016894097441430687,-0.000569207884836942,0.0005150277283973992,-0.001632909057661891,0.6808849808170684,-0.9183367971383738,0.09136685275469664,0.1956782434880735,-0.39998217102338895,-0.30004512346168233,0.3999072903003296
1710804583.3786283,0.18775608973381153,-0.21847715455768485,-0.23870354772665991,0.007253991921736216,0.0012081298045814037,-0.00022044101206120104,0.0006134461727924645,0.6872576529598894,-0.9537817034702846,0.05264049297856577,0.1968551036715509,-0.3999887473679575,-0.3000450531493415,0.39995446082425457
1710804583.5369353,0.15902379623326302,-0.26665205591719954,-0.1694751113182671,0.06324812198645216,0.0006160793709568679,-0.0005708557437174022,0.001284291734918952,0.7061198192209391,-0.9958556996713636,0.025899670878936576,0.20683478012681022,-0.3999812196515143,-0.30006089255764057,0.39993712149478855
1710804583.6974778,0.1616579845192252,-0.07681865053253631,-0.09513758701898048,-0.06634889423897335,0.000822248519398272,0.0017920873360708356,0.0012028716737404466,0.7125695954514308,-1.0079837235377287,0.010879478283052801,0.19635970711708084,-0.3999998600879585,-0.3000439424770135,0.399922170674009
1710804583.8581712,0.22339333524591654,0.06455001327504932,-0.04003811836199552,-0.08130546126461091,-2.833345570252277e-05,-0.0005531661445274949,0.00013055674207862467,0.7049671130381602,-0.9977599672079981,0.004538039369791136,0.1834821385145189,-0.3999746115881712,-0.30005095391947806,0.3999465564655176
1710804584.024462,0.16754331725462057,-0.008458954986778655,0.013998056557031147,-0.03601557291881358,0.000475510663818568,-0.001899266499094665,-0.0005825711996294558,0.7090460969501368,-0.9991788248165294,0.006885994771095277,0.1774410885572435,-0.3999846583156748,-0.3000616546697434,0.39991773662241203
1710804584.180088,0.12162199089635561,0.7408319887792231,0.5561432623274822,-1.0648476565175697,3.623498560045846e-05,0.00041681158472783864,0.0008722476195544004,0.7363390757255805,-0.8805635109545293,0.0959306210998187,0.0069473181664945274,-0.399999538082616,-0.3000572609536303,0.3999449004552269
1710804584.341795,0.1217941269244851,0.7307427890546617,0.3962722165241979,-0.37132032355405187,-7.546320557594299e-05,-0.0006254924810491502,-0.002376636490225792,0.7404586995189643,-0.7622330500149254,0.16009967584961426,-0.053181232810020296,-0.39998504891878717,-0.3000558815153408,0.39993280848788026
1710804584.495275,0.16039295695602807,-0.03496235534562501,0.08657273467013264,0.06435177037733063,-0.0004300905275158584,0.0003774402430281043,-0.00032843544613569975,0.7454200924396132,-0.7675380236802467,0.17323569237423825,-0.04341688930988297,-0.39998659859424474,-0.3000432617146106,0.39993860659210295
1710804584.6664732,0.15000165350838834,0.07926133705827695,-0.015558707916659961,0.03476119075533359,0.0005255138385109603,-0.00040560183697380126,0.0015901174629107118,0.7334800584506895,-0.7538856337494226,0.1705557786208043,-0.037429438829421846,-0.399979747111907,-0.3000478778535727,0.3999214706941407
1710804584.8299685,0.13303586465477912,-0.054718572086798055,-0.005899538712959818,-0.03018749427073557,-0.00036785370321013033,0.0011748187243938446,9.213868906954303e-06,0.7401710892295935,-0.7628515886661251,0.16958910503791486,-0.042375834584235994,-0.39999071524489177,-0.3000395401635136,0.3999296746258272
1710804585.0011935,0.18212452675189783,0.10210460090787976,-0.03792646688884554,-0.05906800857300458,-0.0004978682845830917,0.0007449678378179669,8.302858623210341e-05,0.7338539646591288,-0.7455075041876905,0.1631466936300081,-0.05240947186946854,-0.399993907321839,-0.30004478381850397,0.3999351434912189
1710804585.1625605,0.17291341110815717,-0.43566003844828444,-0.14012323729400059,0.23637210153874205,-0.0008516774396412075,0.00018164733774028718,-0.00036381796235218644,0.7338774722811963,-0.8161762252481366,0.14041720481646872,-0.014067387133836574,-0.39999948843895305,-0.3000353367781805,0.3999067988530573
1710804585.328762,0.18966473857726496,0.009601829342056858,-0.03802217995293557,0.010600891175113916,3.0002678613527678e-05,0.0007978412904776633,0.00041987752774730325,0.7282155190516949,-0.8145831170108837,0.13410867277289068,-0.012308517396449871,-0.39998936811659824,-0.3000189950226562,0.39993295749406976
1710804585.4887645,0.15812854291964595,0.00734257775621965,-0.04266204799771183,0.009187208861061403,-6.950079114176333e-05,0.0011194337857887149,0.0014304625801742077,0.722704437647033,-0.8134090864609792,0.12728728805845857,-0.01083954229950889,-0.3999699082560011,-0.300048262182239,0.39995733892086605
1710804585.6439939,0.18329412473206586,0.5828654743702639,0.08846178577431212,-0.19212275324363878,-0.00010812061373144388,0.0006201834767125547,0.0013788033975288272,0.7020112374443507,-0.7224327984656209,0.14109480497800608,-0.0408269333839415,-0.3999842410574051,-0.30002418482387033,0.3999232704273343
1710804585.803394,0.17671548069518206,-0.6582757638631515,-0.14845257360888206,0.2760959241495947,-0.00020843293168582022,0.00016098801279440522,-0.0008875584462657571,0.7169532756145948,-0.8264609239513216,0.11763466288583802,0.002804843783378759,-0.39999749768522536,-0.3000253285435736,0.3999333834667699
1710804585.9694462,0.16510023863847856,0.6335709455699249,0.16895542389972804,-0.297188595093979,-0.0009086734498851001,0.0005128883640281856,-0.00040518378955312073,0.7079903079443355,-0.7211969798051733,0.14570557495799985,-0.046571226716041414,-0.39997384795275553,-0.3000472569701385,0.39993788689093096
1710804586.1366467,0.14889388907405787,-0.08258837815714863,0.0583544485445025,0.002934045977403345,-7.627987361047417e-05,-0.0004515764012467116,0.0009385133162140846,0.7202281749865842,-0.7350591254784188,0.15550014756562025,-0.04607875823974594,-0.3999658132282223,-0.3000549484071833,0.3999152447052577
1710804586.3025372,0.16838967966454454,0.05236571224648347,-0.01730450641838007,0.01329574860965654,0.0008451375178992748,-7.406313670799136e-05,0.0016044356161728501,0.7130880450459257,-0.7264520199154216,0.15265588732224772,-0.04389339864253983,-0.3999894303088945,-0.3000400127664412,0.39993445043603265
1710804586.460623,0.16516948945447218,0.10137252562890026,-0.03597848361947235,-0.09835215624883521,0.0007710075587965548,-0.00020365080854389817,-0.0018166688969358802,0.7121562430304271,-0.7102412046639653,0.1469024492248493,-0.059621216654777376,-0.39999380847799093,-0.300010009657965,0.3999245609804356
1710804586.619976,0.20561275785566746,-0.02480367983351565,-0.0034989442913815417,0.015903185897761157,-0.0004559799563139677,0.0004607688752003014,-0.00045501202112063766,0.71190342835848,-0.7142038168579032,0.14634346122758435,-0.05708053886890396,-0.40001016991451166,-0.30002950212366886,0.39990963730339574
1710804586.8028677,0.20380387498193975,0.0840251851913806,-0.0030030810556371922,-0.06290461091293434,0.00010968022979795933,0.0005282842321321368,-5.0307560741202906e-05,0.7124271523800609,-0.6988890830431703,0.14579610882501126,-0.06854576051235184,-0.399976367289009,-0.30004410899643646,0.3998879444894964
1710804587.0303001,0.16561387882900713,-0.0766411136869736,0.02767043711524613,0.07706553623772786,-0.0029409420676529408,-0.00010885030496865511,-0.010966142639517784,0.7120213727449436,-0.7162000398151436,0.15204604071822492,-0.05113893926143631,-0.4001936384281784,-0.29998020828606387,0.39917945891830364
1710804587.1981168,0.16164891984862395,-0.04295057566864878,0.00393798483866919,-0.004428444635529296,-0.004324081353843212,0.0023928333539515734,-0.016479473561048508,0.7141732872387546,-0.7234168110127794,0.15270772068684008,-0.051883028745651094,-0.40084271779171754,-0.2997351035252336,0.3967648614834471
1710804587.3728461,0.1809461019907388,0.015528864966522992,-0.0232163653424529,0.017500247277910563,-0.011723046191036701,0.005030016880482435,-0.04112917557358742,0.704168656616287,-0.720684328726223,0.14862253434558237,-0.048803659081458894,-0.40227886484399156,-0.29915466462810825,0.3916132316141673
1710804587.529042,0.18796306864431855,-0.0429756884050342,0.023079214172431403,0.029707127190302794,-0.02094062976539135,0.013841607607901096,-0.0905577763915062,0.6969941859299137,-0.7273925585306267,0.15222505191120173,-0.04416656672954544,-0.4051675543929738,-0.29752741921483605,0.3797374986491854
1710804587.6835463,0.21064487555842049,0.02556152245146859,0.003103252580732988,-0.017247864315638285,-0.029158858582377434,0.021593349054455757,-0.1281518042087555,0.6823583071360259,-0.7234168110127793,0.15270772068684008,-0.04684923768043503,-0.4094261304471139,-0.29454825018092895,0.36178850942399304
1710804587.844697,0.25377048870164476,0.17174526293015605,-0.04206951700152198,-0.0687091359948146,-0.024961549788713455,0.03153717517852783,-0.1343151032924652,0.6548313394159431,-0.69587330794956,0.14596085704338224,-0.05786840796470627,-0.41363556678958013,-0.29016054724334134,0.340809483658552
1710804588.0009975,0.24895573169781837,0.06732184508908116,0.024600277955234267,-0.1016482729158292,-0.017283078283071518,0.034760549664497375,-0.1188899427652359,0.6463715023743889,-0.6853720378663551,0.14979815773809724,-0.07372412264347061,-0.41680649580563134,-0.2852378930580389,0.321765830714457
1710804588.1569493,0.27117519184682837,-0.04929216011668879,-0.015816851865595366,0.022004113293155204,-0.011213505640625954,0.029398329555988312,-0.09139825403690338,0.6325196855438138,-0.6930648299553365,0.1473296971833924,-0.07029004573822006,-0.41892908208050766,-0.28060616052920434,0.30627554751392166
1710804588.3173304,0.29406599834434743,-0.026400896830399978,-0.07075832084854779,0.0033136313917686198,-0.006502778269350529,0.022020194679498672,-0.06375642865896225,0.6166796553565861,-0.6972311736484552,0.13616327788722815,-0.06976711928844437,-0.4202545851465586,-0.2769245166127279,0.29483710557425646
1710804588.476229,0.2814062420716603,0.12637210427053472,0.03938985695683169,-0.11425861850632438,-0.003918100148439407,0.016121283173561096,-0.043781835585832596,0.6159212116271271,-0.677007377865052,0.14246698255077522,-0.08805234909057605,-0.4209845556855638,-0.2739748147191531,0.28663082766289166
1710804588.6391673,0.3251887235800859,-0.047392501074473896,-0.05616902056246209,0.12297563876822622,-0.0019511600257828832,0.01272350363433361,-0.034035827964544296,0.5962798451321707,-0.6845924758530104,0.13347721591692696,-0.06837028443813309,-0.42146156173240923,-0.27184199728214486,0.28095493817911177
1710804588.7984915,0.29667330319349206,-0.05173896161796451,0.013165930056795193,-0.05262096305466677,-0.0032606120221316814,0.012060429900884628,-0.03221817687153816,0.6018624180552647,-0.6930818614147753,0.13563749615905218,-0.07700438976287827,-0.421771040589987,-0.2697329224223804,0.27556281306492875
1710804588.959244,0.30752890131809996,-0.05784852791612106,0.003837436368747569,0.020006296787332074,-0.002772448118776083,0.017191819846630096,-0.04082052782177925,0.5993029066725745,-0.7023196596570647,0.13625029417170886,-0.07380959570407852,-0.42217660625064735,-0.2673135489871574,0.2694396840754597
1710804589.118047,0.2673226342169537,0.02409728612380998,0.11785336631357683,-0.14583969565152605,-0.001312879379838705,0.023525765165686607,-0.05729806423187256,0.6167400103473194,-0.6984630519203985,0.15511192871353385,-0.09715025305747968,-0.42249747970531004,-0.2639658839098128,0.26143729592050924
1710804589.2723722,0.24968137529354117,-0.3990593855350674,0.020803430185409276,0.13541708611199715,-0.0025944015942513943,0.026737747713923454,-0.060902222990989685,0.6296014745258561,-0.7598964270128286,0.1583145220520562,-0.07630340933799729,-0.4226382621818685,-0.25984389398200175,0.2520233883497226
1710804589.4244313,0.24564880487119267,-0.18174379646806232,-0.03088396887181369,-0.0557125276270844,0.0018810026813298464,0.03210798278450966,-0.06466881185770035,0.6383090370071879,-0.7875007627983982,0.15362367997823367,-0.08476536154746991,-0.4225947033563306,-0.2553258955462509,0.24240774123735498
1710804589.582199,0.2529383535130214,-0.06406326088837115,0.07397104920704012,0.07153406700930659,0.0011854011099785566,0.02741147018969059,-0.05886906757950783,0.6382430330732032,-0.7976316316494161,0.16532135174668317,-0.07345307052135452,-0.4224335659988317,-0.2505191988975915,0.232581596205159
1710804589.7569354,0.24823081006872427,-0.10388334754464525,0.029967604614147922,0.040214745406649106,0.00450885621830821,0.03283233568072319,-0.06182811036705971,0.6407959449636541,-0.8147150922948239,0.1702494793644702,-0.06683981597423538,-0.4217968172824154,-0.24517411354767935,0.2223969567485572
1710804589.9240916,0.2692501651770487,0.01473842243223032,0.013969962146662794,0.012465041091402692,0.006275381427258253,0.03529767319560051,-0.06184498593211174,0.6318131116552554,-0.8120979188036338,0.17273019361806768,-0.06462633788585648,-0.42104896703916206,-0.23935307602715922,0.21188027010372362
1710804590.0762093,0.26645467268687684,-0.14880081785727106,-0.0277241438574769,0.1189887818048894,0.004720759578049183,0.03384832665324211,-0.05702254921197891,0.6295565985817292,-0.8347109527906458,0.16851699764013106,-0.04654379367828351,-0.42005973495616244,-0.23420056174305598,0.20290448899895908
1710804590.2367787,0.2638693759762034,-0.06722990124966191,0.02194648232540427,0.039033159344058946,0.008986391127109528,0.03622914478182793,-0.0560247004032135,0.6302452455606562,-0.845462004429985,0.17202656347908807,-0.04030181646347028,-0.41874203644381724,-0.22846084495294502,0.19364042889014219
1710804590.3924577,0.2840188178338494,0.007685153516865988,-0.006863066816123022,0.029300811939623358,0.009667139500379562,0.035269733518362045,-0.053671952337026596,0.6213807535724991,-0.8442630333086397,0.17095584720799006,-0.03573055744171125,-0.417414563347636,-0.22295389551143865,0.1850624206916308
1710804590.5460076,0.2929096723891502,-0.028069569182616445,-0.030518842587171358,0.04019732731608856,0.009838753379881382,0.03498325124382973,-0.05204247310757637,0.6138928226757641,-0.8485368006622082,0.16630916266968504,-0.029610263109206975,-0.41572244319827834,-0.21716497815734576,0.1765055126646849
1710804590.7090905,0.3267385609625255,0.16005667964901887,0.042261882300470656,-0.015140709708140014,0.013735754415392876,0.03950974717736244,-0.054354067891836166,0.5954625461056883,-0.822330735535453,0.17322869668959612,-0.032089250087737886,-0.4137538270491089,-0.2110511809406966,0.16783455868664957
1710804590.8729618,0.3470739103894782,0.0825714381797871,-0.013007781271028744,0.0013862491633138724,0.014510603621602058,0.038690194487571716,-0.053762782365083694,0.5792737920482494,-0.8087720273335376,0.1710927436954845,-0.03186161994934067,-0.4115108731978042,-0.20470944430594284,0.15922583924681752
1710804591.0278344,0.3507413566852513,0.024385712543957352,0.009498131008117637,0.0060121138338132705,0.02019311860203743,0.04907688871026039,-0.062142934650182724,0.5717509212478945,-0.8049682016682284,0.1725743175652667,-0.030923815369605867,-0.4087440417600169,-0.19769013304128982,0.1502108518530797
1710804591.1851993,0.36203553659243104,0.015185185058282155,-0.012680607660673117,-0.014672113179935812,0.02533140778541565,0.05643349140882492,-0.0647086575627327,0.5636900706826717,-0.8025981268330784,0.17059515241215062,-0.03321381092071518,-0.4054482116222695,-0.1896856219145074,0.14061427738743604
1710804591.3453114,0.40045355972444363,0.13629073986473758,-0.009110882430217848,-0.01948705309902593,0.02738633006811142,0.05627363175153732,-0.06475234031677246,0.542544231958352,-0.7810413800145963,0.16915410817072907,-0.036296026706695406,-0.40146275606199483,-0.18080599321680477,0.1304440083969192
1710804591.51859,0.3549961674602624,-0.09148050168172901,0.06150233360476673,-0.01972017929487667,0.02977471798658371,0.05675353482365608,-0.05973077192902565,0.5557457392133643,-0.7971060587967449,0.17995439036802763,-0.03975904166698441,-0.3963632565878703,-0.17056794381323578,0.11959159802958637
1710804591.6798856,0.42571167710428504,0.1736833104253213,-0.027702571573200042,0.02484357750897045,0.02575027570128441,0.049045342952013016,-0.049358151853084564,0.5269007783301279,-0.768935748402951,0.17546121230726697,-0.03572957396507248,-0.3918476839430749,-0.16199262911699208,0.11108298256470796
1710804591.8425863,0.36297333387784514,-0.22221969671599903,-0.035074694858390834,0.030029173575511627,0.026202380657196045,0.045087702572345734,-0.039648525416851044,0.5451741703691618,-0.80449897210904,0.16984798702568482,-0.030923815369605867,-0.38754407853514183,-0.15441897687726494,0.10403702666854343
1710804592.0084577,0.4249360282333119,0.17360115521804212,0.0096147822261417,-0.007243927894411746,0.008494858630001545,0.013982218690216541,-0.013569766655564308,0.5227261406273697,-0.7753504541292917,0.1714623579222267,-0.03214010775089249,-0.385100512837175,-0.15014854337950612,0.10020047400909245
1710804592.1624563,0.4796399011712871,-0.014996989715258022,0.048863502023185144,-0.0015847947921455005,-0.00018314960470888764,0.00012925156624987721,0.0005003533442504704,0.5291563465677728,-0.7776606276531989,0.17898941307146765,-0.032384233474731294,-0.3849849511315975,-0.15004177120294532,0.10009494208215691
1710804592.3253372,0.4333936034590542,0.07120244257254438,-0.07772578348186893,-0.002841715377833601,-0.0012560494942590594,0.00035777699667960405,-0.00029805843951180577,0.5132689485034946,-0.7664155992576429,0.16671415100542336,-0.0328330266475676,-0.38497101766473024,-0.14997478986864246,0.10003216593255543
1710804592.4834836,0.45178043961796144,-0.12944997084675783,0.06832559009000266,-0.028689821943686817,0.000559441396035254,-9.96567468973808e-05,-0.0002427946892566979,0.5371764177511479,-0.7876213255638943,0.17790684385567446,-0.03753282308578476,-0.38496283058342373,-0.1499701433436144,0.1000219713531423
1710804592.6435363,0.46438823821876385,-0.03260704011048152,0.005158267008836306,0.009294401689718445,-4.4906148104928434e-05,0.0009177172905765474,5.915336441830732e-05,0.5412200395627421,-0.7928368377624283,0.17873191121587417,-0.03604617893695816,-0.3849636163606307,-0.14996831989800585,0.10002264391860333
1710804592.7964404,0.3692175803444677,-0.14389231700304198,-0.09453325336808562,0.03514789540696325,0.0006071639363653958,0.00040340679697692394,-0.0015174609143286943,0.5482429865302357,-0.8147158044238949,0.1643580381563654,-0.030701907277107088,-0.38495819150073124,-0.14995536070073323,0.10001096015787396
1710804592.9699802,0.3797835188840786,0.031418011419228335,0.020823910013871582,-0.008015203871970569,-0.00016679827240295708,-0.0010908175026997924,0.00018237408949062228,0.5464114022330355,-0.8092510022424342,0.16798011809490349,-0.032096059918403474,-0.3849737668930403,-0.14998279759772223,0.1000168928863516
1710804593.1258836,0.48369588002569364,0.11573883338210997,0.04549302451328784,0.0023988540665432967,-0.00036063548759557307,2.778101224976126e-05,-0.0001224991719936952,0.5366893518373297,-0.7911932724488651,0.17507800149451402,-0.0317217874526976,-0.38496622597564994,-0.14997075021133557,0.10002932678809494
1710804593.2757466,0.40326843924186306,0.053723676282894414,0.0022146196035223906,-0.005198980921477084,0.0008589581120759249,0.00017858990759123117,-0.0006244102260097861,0.5310095045455876,-0.7831328201920025,0.17541027279120092,-0.032501818537711946,-0.3849358302726237,-0.1499408202230088,0.10000069997177
1710804593.4356608,0.453518100271991,-0.16039008260818746,-0.07286283198623907,0.02011793936438854,0.00010262971773045138,-0.0006839574780315161,-0.0002519242116250098,0.5428143431994056,-0.8085430545366387,0.163866780789223,-0.029314579367637483,-0.384951781559886,-0.14997004161626892,0.10000786084812695
1710804593.598523,0.43472312040705985,-0.12492608205487607,-0.0314150069116799,0.022582340983396353,0.0006124544888734818,-0.00025469670072197914,-0.00020458090875763446,0.5551768623398682,-0.8289677927208053,0.15873059721033678,-0.025622488856315434,-0.3849797870707341,-0.1499878730311552,0.10003142253591407
1710804593.7603621,0.45005761170570424,0.07312627676355507,0.08341869426812143,-0.006801932654415779,-0.0005570123321376741,0.0004224647127557546,0.0006066762143746018,0.553764618062949,-0.8170933227054633,0.1722763816758665,-0.02672700762748703,-0.384967610061401,-0.14998391425025157,0.1000441340407802
1710804593.9255545,0.3865842823020953,0.04732040512400114,-0.025923568684687013,-0.007221567253716657,-0.0009966526413336396,0.0003373989602550864,0.0011706576915457845,0.5454091194043329,-0.8092510022424342,0.16798011809490349,-0.027923824191093294,-0.38495709161958097,-0.14994795187434323,0.10001181299966704
1710804594.0829525,0.47478021628180356,0.07912016730665486,0.031099558630205124,-0.03351520358730154,-0.0001315360568696633,-0.0006793027860112488,0.00025144199025817215,0.5400243596258951,-0.7968957009047126,0.17283658429595516,-0.033157514333724825,-0.3849651024655831,-0.14996238579286508,0.10003526313012888
1710804594.242743,0.3578673366432683,-0.17067440421441052,-0.07640074612986489,0.02744300893180302,0.0009961392497643828,0.001092833117581904,-0.0016705798916518688,0.5531549480100861,-0.8242171299551686,0.16060641085901306,-0.028764458298682988,-0.3849576721529089,-0.14995251844080207,0.10001704919155537
1710804594.396366,0.3667985464759951,-0.02314947867600133,-0.018885937669218592,-0.005889963045497614,-0.0009772267658263445,0.0013980326475575566,-0.00019345014879945666,0.5545685262928554,-0.8277762119568031,0.15770282059751017,-0.02967000186443311,-0.38496976971899205,-0.14994647946298653,0.10002430502529878
1710804594.5599394,0.479742784953779,0.12312320237844132,0.021379911127030627,-0.01515869847290166,-0.00020811242575291544,0.0005953597137704492,-0.0002299165935255587,0.5415273766794461,-0.8080710877144536,0.1611245461286055,-0.032096059918403474,-0.38497101671724554,-0.14996740214555263,0.10004034435562201
1710804594.745567,0.36852623431490783,-0.0548601885898032,0.0018587870730899486,0.0025222340405082434,-0.0013954334426671267,0.000239676475757733,0.00016078758926596493,0.5496222558515588,-0.8182776262160081,0.16147036670114379,-0.03162680745124802,-0.3849432467528104,-0.14993848486978775,0.10001842362787301
1710804594.9104385,0.3558366071349306,-0.06639871091605055,0.0004116235234555998,0.010282971886639979,-0.0006727686268277466,-0.0012461849255487323,0.004784044809639454,0.5581555311563464,-0.8294512570585693,0.16153963505340174,-0.029896380305290043,-0.38506927964529125,-0.1500468964022933,0.10039593921546015
1710804595.0662584,0.3885314709731722,0.12070961440874044,0.0189351889990473,-0.017159258152049113,-0.00686707952991128,-0.005499519873410463,0.02640957571566105,0.5461617808807873,-0.8106787326104898,0.16448439881687443,-0.03256495475769028,-0.385785239770803,-0.15067873708398155,0.10319368550694469
1710804595.2303941,0.3883707709958675,0.033184663862361075,-0.013476749178946344,0.007131460812682665,-0.014552569948136806,-0.01147590484470129,0.05011587589979172,0.5415736770111572,-0.8052239538017565,0.16226913799227072,-0.03139271020889267,-0.3876531599802985,-0.15220578261037607,0.11017778138685497
1710804595.3838758,0.3778354524513401,0.0108077853717038,0.013814484138561027,-0.023904325768724345,-0.014576271176338196,-0.013089383952319622,0.06720708310604095,0.5445727467114209,-0.8035605155181453,0.16439534063176658,-0.03507185161113724,-0.38988002765337326,-0.15409824490908708,0.11981444988165604
1710804595.5382771,0.3734492626262247,0.027825350595830977,0.029970993274285877,-0.019031333941965052,-0.011914302594959736,-0.010540157556533813,0.07281419634819031,0.5477281799194209,-0.7992804522069361,0.16900544422316532,-0.03799922943115219,-0.3920318749597626,-0.15590778408580755,0.13107516093544266
1710804595.72118,0.3896741062303417,0.06735245362308984,-0.01477305946091849,-0.00016430587645720885,-0.011210981756448746,-0.008581350557506084,0.07285459339618683,0.5412903266531477,-0.7876807883910052,0.16646117873525346,-0.03802752673625931,-0.394233480149574,-0.15772666882859834,0.14389738320671774
1710804595.896835,0.36403868084050583,-0.0892174670856064,-0.020487039929329414,0.05181735065873974,-0.005433213897049427,-0.004203156568109989,0.058006078004837036,0.5515549317072003,-0.8042749279020244,0.16265066034843456,-0.028389679193496553,-0.39557790333971354,-0.15888114541987394,0.15544960573717037
1710804596.0556653,0.367567470405306,-0.007404292684301802,0.006157732613385157,0.0418820791704308,-0.0040975287556648254,-0.0029747020453214645,0.05055766925215721,0.5534140879465532,-0.8054591157812019,0.1636354826177442,-0.02169136881828293,-0.39645640646071706,-0.15962410975514704,0.16401585356450576
1710804596.2179098,0.366893097316896,0.041522116653779306,0.01661804966309139,-0.02459629543003224,-0.002496822737157345,-0.0009559416212141514,0.05095132440328598,0.5543308470354992,-0.7988139599107446,0.16629501780461892,-0.025627734065055696,-0.39714554715734723,-0.16021347657389512,0.17270879123963012
1710804596.3770323,0.35185555384287936,-0.020734255851357748,0.009880417683343077,-0.01293230356173859,-0.0009667444392107427,-0.0006869477219879627,0.051965419203042984,0.5614601037621668,-0.8021299942010743,0.16787519526917938,-0.027696000337600557,-0.39753842862525923,-0.16055652073584722,0.18129137034189197
1710804596.530179,0.3636720291810356,0.058556200910134394,0.00454473467595437,-0.0042160201018103406,-0.00010650910553522408,-0.000750561011955142,0.05282781645655632,0.5588298853053837,-0.793118046694574,0.1685746414370332,-0.02834485650062546,-0.3978728672071563,-0.1607940721373921,0.18980266083733438
1710804596.6838162,0.34672586328301147,-0.0678121042360117,-0.027139863822304617,0.0281472852794456,0.0007461803033947945,0.00191691133659333,0.05316238850355148,0.5654927196964852,-0.8035605155181453,0.16439534063176658,-0.024010421633720247,-0.39797269850089745,-0.16088754082016066,0.19841166753739242
1710804596.8469388,0.34452864908745484,0.0982788699703856,0.08331008490759179,-0.04164550397944273,0.0011132238432765007,-4.00820754293818e-05,0.0573757141828537,0.5686730453122927,-0.7876213255638943,0.17790684385567446,-0.030764626264571993,-0.3978461183549041,-0.16078918262672576,0.20745653558923755
1710804597.0151055,0.34781007391333674,-0.03275898147032182,-0.05561741970194501,0.030690427608863074,0.0029262991156429052,0.001827212399803102,0.05426952987909317,0.568865141960281,-0.793118046694574,0.1685746414370332,-0.025614993572234956,-0.3974946484030289,-0.1604604218740237,0.21692490742063053
1710804597.1720376,0.3311060638255867,0.015113560984863706,0.024203534259950126,-0.03867662558474543,0.0037169314455240965,0.0024569681845605373,0.05842696130275726,0.5761605884746481,-0.7907317112700387,0.17239622599022464,-0.0317217874526976,-0.39699604547240586,-0.16005360686616335,0.22598028437464973
1710804597.324554,0.33139767858835545,-0.04063666743198904,-0.035101548938760926,0.03405381299765918,0.005212931428104639,0.005169431678950787,0.05911034718155861,0.5790880077976192,-0.7969153034341875,0.1670549006138149,-0.026539893746375887,-0.39631422596749266,-0.15944731157094325,0.2347224321752882
1710804597.4765341,0.32533047000213,0.049888428845792185,0.01996636777961898,-0.03246819860484202,0.007906080223619938,0.0071657574735581875,0.06914457678794861,0.5827029201815019,-0.7893208461684611,0.17009435746507795,-0.0314824897050856,-0.39526002534422955,-0.15858290245651238,0.24461535796819492
1710804597.7583196,0.3411219618855834,0.031507443031046495,-0.07836667515657533,0.00424944725907397,0.014397517777979374,0.010448437184095383,0.08203442394733429,0.5757097524118439,-0.7804497249476381,0.14802972104561957,-0.030286030769347994,-0.39207494609049065,-0.1558907433725112,0.2667646407963566
1710804597.916254,0.29743240963680684,0.07096544550320497,0.14600476213778799,-0.06944164300917299,0.014529961161315441,0.011061057448387146,0.07726617157459259,0.5936812380840819,-0.7692094033122749,0.17115563077656476,-0.041284995079040376,-0.3897507151399193,-0.15394338439030425,0.2793068743766511
1710804598.0784461,0.297605378809116,-0.011855426357409597,-0.004851193614036493,-0.003214675468727637,0.012196618132293224,0.011267338879406452,0.06334415078163147,0.6011029975256192,-0.7711053199983533,0.17037982916108763,-0.04179908514022812,-0.38748644171126606,-0.15198045121009257,0.2902328703927531
1710804598.2457206,0.2838503066610294,-0.1101793278925712,-0.027962098109785626,0.01954474836819727,-0.019995257258415222,0.019551092758774757,0.03251371160149574,0.6115713081019015,-0.7895778020042677,0.16569175051638702,-0.03852224528789505,-0.3877742082449194,-0.14910847905709815,0.2983370018703574
1710804598.3993897,0.3405148486557992,0.3151219073388046,0.040296415877525533,-0.12063651582235964,-0.07218832522630692,0.03826220706105232,-0.008794835768640041,0.5886509280508896,-0.7409280536730027,0.17191286826617858,-0.057146580815315096,-0.3955684957200682,-0.1443297165351607,0.2995428056035901
1710804598.5516956,0.34886358457442657,0.11215508453436666,0.03889068591433437,-0.09684062204750063,-0.10298377275466919,0.05312517657876015,-0.04199906438589096,0.5762481815175887,-0.7236920506211861,0.17788959222737633,-0.07202905595302567,-0.41009260836878175,-0.1369171291508928,0.2948688654043644
1710804598.7136228,0.3851208237172108,0.08485113400986317,0.0278862134894008,-0.026753821732719448,-0.11412666738033295,0.06635645031929016,-0.05436239019036293,0.5542219222133704,-0.7102467303283234,0.18230837904142833,-0.07626840651035294,-0.4281960494064662,-0.12698992501751918,0.2869724386043707
1710804598.8722458,0.425949181895241,0.1524847386401482,0.026199651597786436,0.005849876351574673,-0.09748353809118271,0.06673509627580643,-0.038836538791656494,0.5244787582362416,-0.6856077969202752,0.1865417959511384,-0.0753231662511824,-0.4450335028747251,-0.11578617201394091,0.279359475939863
1710804599.049733,0.4479303356491291,0.09054559490774125,-0.029789243570373568,-0.017740305041793053,-0.06843259930610657,0.061396274715662,-0.018050216138362885,0.501114021344873,-0.6694736938836371,0.1812337218737895,-0.07848426878452286,-0.458999737296121,-0.10456000785059495,0.27526411642317217
1710804599.2042105,0.4307013264445214,-0.33548280386914014,-0.19579451514577959,-0.027354738249253198,-0.06142791733145714,0.05708055570721626,-0.013759159483015537,0.5009622748030467,-0.7211103054860922,0.15109755627640986,-0.08269463658332807,-0.4690492408891982,-0.0955717627229445,0.2730899436819195
1710804599.3591094,0.4357695313526555,0.043520407606979485,0.01168519426383777,-0.08908566834883558,-0.042795583605766296,0.04426617547869682,-0.009763501584529877,0.4998031672670298,-0.7143210951706375,0.1529204537582206,-0.09659205555915815,-0.47675574550911526,-0.08791090829620218,0.2713293568394202
1710804599.5201185,0.44602232290238963,0.012597259220259154,-0.10997058198095362,-0.0643162676002921,-0.018795354291796684,0.0207795649766922,0.001207954715937376,0.4935288964558622,-0.7123017122631056,0.1352918005963859,-0.10690216898918134,-0.48142813594717443,-0.0829194644372653,0.2707908375762655
1710804599.6792223,0.43134351116463243,0.02371769257621935,0.011647274874338217,-0.05372808177264726,0.003437803592532873,-2.1060253857285716e-05,0.009151994250714779,0.49886926292834466,-0.708559208365872,0.13712966789605174,-0.11538012504577619,-0.4822662383206742,-0.08145802987343673,0.27176513398063606
1710804600.0492616,0.4137195506648661,0.014912762720738859,-0.006916607360889079,-0.011622566329452185,0.046080660074949265,-0.03280055522918701,0.025723595172166824,0.5122150193116366,-0.7030455695565226,0.13457241707082435,-0.11967729210853559,-0.47183008958350736,-0.08891009718064784,0.2790195772710834
1710804600.2111232,0.3954548357049217,-0.015409786773471754,0.01677616037346977,0.002930502083863555,0.05527835339307785,-0.039161112159490585,0.02875933051109314,0.524289789668344,-0.7055429460771342,0.137291233991435,-0.11920236229896528,-0.46343346213998304,-0.09508296690801075,0.2836189530438389
1710804600.364033,0.38669951484112874,-0.0013615709595553816,0.007911037180319908,0.016048698108001698,0.056990932673215866,-0.03504256531596184,0.027067547664046288,0.5332360572360719,-0.7057523732349429,0.13850805344573236,-0.11673386573791486,-0.4546911745166766,-0.10109184796634033,0.2881128391741341
1710804600.5269856,0.3791612285957513,-0.019281428261994627,0.0394186159401447,0.0030041212381039075,-0.0022045322693884373,0.007954549044370651,0.0065465145744383335,0.5419323224684314,-0.7088834520689554,0.1449091764517253,-0.11624603152275068,-0.45093615713798185,-0.10304107942271733,0.29078530116015183
1710804600.684519,0.4153936024557954,-0.031192390255317705,0.06909550434345527,0.08741948747095805,-0.09273160994052887,0.07621829956769943,-0.023482095450162888,0.5282771022897067,-0.713803245061231,0.15580720559550754,-0.10245786786079389,-0.46139408009829935,-0.09431013582448429,0.2884482919363114
1710804600.9555142,0.17403945229128426,-1.298674473964537,-0.18740049747051804,1.0282000758149117,-0.10165581852197647,0.10807789862155914,-0.044581104069948196,0.6067391109819008,-1.067273471535044,0.10480096992199567,0.17739526003599182,-0.49330219555875854,-0.06464034451096219,0.27729002522663404
1710804601.1234388,0.3408811847758333,0.03408854385552144,0.053606794238464164,0.04960923983053065,-0.06343944370746613,0.07016457617282867,-0.02667625993490219,0.5862967145518894,-1.061683534341039,0.11359156579593571,0.18553032547235504,-0.5056847635746349,-0.051016221350088216,0.27221066240915215
1710804601.419084,0.42595131016454446,0.2736970826273513,0.12640924120994923,-0.05606844894275629,-0.05736174434423447,0.08294381946325302,-0.025034500285983086,0.522966592293969,-0.8263941417724513,0.20862916947307664,-0.089308874607086,-0.5234074510732397,-0.027831631528996655,0.2653450574226668
1710804601.5796988,0.43775206591302185,-0.13895995147299517,-0.12296805043480681,0.07182909944618349,-0.048022713512182236,0.07527298480272293,-0.022968923673033714,0.5077115048380494,-0.8484087855738486,0.18914803263775892,-0.07792939424514753,-0.5314597522546333,-0.01592087327688811,0.2615717489781135
1710804601.7425635,0.46482088038239655,0.03666375119827954,-0.03307008666336186,0.026007599706578406,-0.04162487015128136,0.06621544063091278,-0.022215841338038445,0.48751950388610754,-0.8424029221741529,0.1837308449080547,-0.0736691075563429,-0.5388303039882386,-0.004420246599442289,0.25817136454078243
1710804601.9150398,0.4604298989193123,0.07100986621103554,0.007848550349251625,-0.09020526260606894,-0.03208225220441818,0.05492434278130531,-0.018132954835891724,0.48191320333733134,-0.830453830147692,0.18505154941577484,-0.08884827971458417,-0.5446659693715473,0.005386093043197866,0.25507897708585703
1710804602.071386,0.5091404360228302,0.2496553144788219,-0.12345664222149519,-0.027446414568916423,-0.025373313575983047,0.04645729064941406,-0.01414114236831665,0.4483386358003747,-0.7905262794404079,0.16530704146191777,-0.09323780417442304,-0.5489987955934295,0.01322861676207663,0.2525137824288828
1710804602.2342193,0.5123364503002907,0.08758798226560599,-0.03449738420599712,-0.008098071913992458,-0.02224753238260746,0.044291045516729355,-0.013307606801390648,0.43399474155440304,-0.776375914897707,0.1597337818701603,-0.09454609632492048,-0.552793438065869,0.020208992970821942,0.25026565671318113
1710804602.3941643,0.5147572489575265,0.011210735764908934,-0.06513692645434516,-0.02477614581619945,-0.024343393743038177,0.04798104241490364,-0.017690692096948624,0.4268999199678981,-0.7745559408302203,0.149159318296256,-0.098568307161331,-0.5566436670682204,0.02771593109203762,0.24785525773695843
1710804602.5684986,0.520442272614748,0.12796869341512984,-0.031950730718238056,-0.08116868212805317,-0.02746969275176525,0.05977272614836693,-0.021786049008369446,0.41892362004657907,-0.7522904223468136,0.14360014935907306,-0.11269100189208967,-0.5612636358831498,0.037258454631565345,0.244656462417898
1710804602.732571,0.5236637676084681,0.004058178259946185,-0.02357893936668731,-0.023916345966449377,-0.02946394495666027,0.06285262107849121,-0.020488282665610313,0.41369756934811264,-0.7516251789767451,0.13973493396384162,-0.11661152720451337,-0.5660177108584677,0.0476016236496368,0.24144852333702016
1710804602.8884885,0.5248066871180859,0.029755170483103263,-0.021776090616455045,-0.049257886318465345,-0.025978371500968933,0.06658266484737396,-0.023017605766654015,0.41063006782764844,-0.7469814457708684,0.13633645385272164,-0.12429894685745221,-0.5702831434777929,0.057839046553478,0.23796189786383515
1710804603.0459852,0.531864545234241,0.08385298610128883,-0.0386794640714535,-0.03719314315426391,-0.026489870622754097,0.06756731122732162,-0.020513057708740234,0.4028146184049164,-0.7337549258248194,0.13023536280242087,-0.1301655936241148,-0.5743761863910468,0.0682523325578253,0.23454818206703948
1710804603.2083642,0.53866501108577,0.05777901940377735,0.02794848959063845,-8.805354243629263e-05,-0.022806795313954353,0.067717045545578,-0.026204267516732216,0.39334257750521856,-0.7243877438727582,0.13476639482723374,-0.13017986893653852,-0.5784498743466859,0.07924324595426989,0.23084326253272158
1710804603.3677351,0.5368952503165243,-0.06877433927059116,-0.015722312452008086,-0.0023293976278887965,-0.023711474612355232,0.06798993796110153,-0.021997615694999695,0.3915206210546808,-0.7351269131984051,0.1323113428790278,-0.13054360628128034,-0.5820034063186922,0.08999219767542244,0.22729808818868721
1710804603.5240984,0.5443990759600261,0.005455438939348451,-0.031697341942602396,0.016075529233532095,-0.021119771525263786,0.07193585485219955,-0.023578837513923645,0.38250356347677145,-0.7342563473012818,0.12725315686842942,-0.1279783117771147,-0.5854489097148997,0.1011740949596944,0.22342630561053994
1710804603.6794076,0.5448000792907193,0.018641973608860753,0.044413355171915775,-0.015085471471165441,-0.01993456296622753,0.07435943931341171,-0.024701807647943497,0.37876697773279183,-0.7313778378479938,0.1341110285400119,-0.13030766129493696,-0.5885287022595292,0.11218414905308936,0.21980340656557448
1710804603.8415031,0.5481102702080656,0.005356121414693975,-0.031120284518838012,0.0,-0.018236596137285233,0.07121296226978302,-0.025085363537073135,0.3728232576591308,-0.7305116520771617,0.12907829206011945,-0.13030766129493696,-0.5914481161064973,0.12380696204719199,0.2155690905904668
1710804605.323703,0.5571696211300636,-0.003219134921510961,0.006754484497439595,-0.0007694798793605672,0.00015598336176481098,0.10477479547262192,-0.04293929785490036,0.34670131429626294,-0.7352764952584715,0.1390760275342764,-0.1314466166496275,-0.6042732060915991,0.24183609265291184,0.17265913564557442
1710804605.5824277,0.5602776792085051,0.06930973608390109,0.0020961701404722997,0.016516016730191558,0.006661864463239908,0.11030087620019913,-0.043219588696956635,0.3369837665786213,-0.7171064157420514,0.1396255546322619,-0.12711681604385358,-0.6029134384323844,0.27121094617550895,0.16133301946152326
1710804611.0353475,0.5492251825595125,-0.04102244606208008,0.018886483257968798,0.09957548497890102,0.005459043197333813,-0.002083615865558386,0.07348529249429703,0.3640513304053279,-0.9408176613669101,0.24262084381417184,0.4159067702293397,-0.6085758469856086,0.3023006532119407,0.27957237142714464
1710804611.944518,0.5517140124581301,-0.011290833089687431,0.0006820549098527782,0.006279989803105896,0.006738817319273949,-0.0030838388483971357,0.04766884818673134,0.3628907237899143,-0.9510712855942238,0.24324024317048792,0.42160986185073857,-0.6011283627398187,0.3002029970365967,0.3442479020198702
1710804612.1023211,0.5534927726609626,0.015702590756790504,-0.016694989688287205,0.0169172294878616,0.00015584877110086381,-0.014191082678735256,0.021498452872037888,0.36064875949493347,-0.9485873824252642,0.24059935808121996,0.4242859017848969,-0.6006524421483722,0.2985609868693178,0.3491243780644405
1710804612.2557242,0.5527186723762045,-0.017918599033557272,0.027411495634150868,0.0033516362514093585,-0.013402110897004604,-0.03169025108218193,-0.015899870544672012,0.36112041062800065,-0.9513420370475902,0.2448133707399146,0.42480115413665775,-0.6019130896905517,0.29470511395977145,0.3485241872359501
1710804612.412284,0.5539636421085732,-0.0079593599055887,0.008495207113904484,-0.018804201974436437,-0.022284341976046562,-0.04584658145904541,-0.05114265903830528,0.35913667368850943,-0.9525851424046253,0.24614016555729712,0.4218642842769623,-0.6049579223950413,0.28813529965763224,0.34204652304332445
1710804612.5742285,0.5584390934467658,0.052974578835292656,-0.01675558865481202,0.016770434426965103,-0.028976960107684135,-0.06177814304828644,-0.0815642848610878,0.3493820893645083,-0.9440001567551203,0.24342477845440358,0.4245820772647858,-0.6096348875795995,0.2786086875314399,0.32955679810208266
1710804612.7320397,0.5534122400296619,-0.04185283779384707,-0.021349262338110915,0.0014042132127084065,-0.030443355441093445,-0.07505593448877335,-0.10730927437543869,0.35500735169426234,-0.9505297839512319,0.24009399537425735,0.42480115413665775,-0.6144184026426952,0.26765555413244463,0.31389705326270384
1710804612.8856382,0.5586129444608381,0.04943340028051241,-0.018962141736430023,-0.02202105962994934,-0.02801223285496235,-0.07855021208524704,-0.10749237984418869,0.3473971067456104,-0.9429248167945345,0.23717680852674367,0.4214133751392365,-0.6188824039244443,0.2558821394814768,0.29759344527968246
1710804613.303449,0.5637518967732,-0.018678967578899842,0.006595018552049761,-0.005271640307606341,-0.011179182678461075,-0.06364123523235321,-0.07137766480445862,0.314006140188049,-0.7275271681037783,0.16479849755390447,-0.030254872441291644,-0.6263759495650394,0.22650413042966244,0.2605383563920619
1710804613.4714892,0.5637083757156978,0.0831345880810833,0.04471708595561137,-0.02410195727056333,-0.00695611909031868,-0.04963904246687889,-0.04987908899784088,0.3013257514386939,-0.7135962758695729,0.17229175541268815,-0.03429364591836913,-0.6278954221149822,0.21726128249571303,0.2510663263618315
1710804613.637582,0.56340413584906,-0.087291249613082,-0.02411882243412946,0.014454950719124074,-0.004978160373866558,-0.05160346254706383,-0.05135788396000862,0.2946446988723565,-0.7281258856203507,0.16827718259846544,-0.03188762247562392,-0.6289530385543831,0.2085407977585243,0.242628472266842
1710804613.8055224,0.5620428907755828,-0.01567823556243848,-0.017043877954667868,0.01124588201424167,-0.005377444438636303,-0.05052905157208443,-0.047097012400627136,0.28516777529082543,-0.7306901977849831,0.16548950771007598,-0.03004826039075835,-0.6298016167550781,0.19988888579255287,0.23444906864987636
1710804613.9685004,0.5609834070913389,0.07136330807358163,0.027963783545062914,-0.03449126974581028,-0.0026551189366728067,-0.05328047275543213,-0.04824916645884514,0.27729677391096186,-0.7188077921131015,0.17014564024054274,-0.0357912573218344,-0.6302703502829986,0.1911401506597814,0.2261512034359906
1710804614.131273,0.5601511281103295,-0.020409290309036696,0.008032396421922956,-0.012821634060854336,-0.0037210979498922825,-0.05539476126432419,-0.04485452547669411,0.2722868054889059,-0.722073071078269,0.17143074200935723,-0.037842588424682466,-0.6306369348478049,0.1826652091130473,0.21838645790592653
1710804614.5163522,0.5550817746136438,-0.014405890602253895,-0.007581903143906182,0.0021716593760189988,0.002404353581368923,-0.05268583446741104,-0.04772045090794563,0.255911523434911,-0.7276556188402303,0.16849261498923404,-0.037001030445098726,-0.6302286809140928,0.16234196488060834,0.19955946730622665
1710804614.6754253,0.5516742644872392,0.04656391199980567,0.0058761459200330395,-0.007127259170825061,0.0048712086863815784,-0.05315816029906273,-0.047824013978242874,0.2476761148030803,-0.7202071318908214,0.16943257888656232,-0.03814112573862061,-0.6295329765743934,0.15412184434611742,0.19183112652115297
1710804614.8278499,0.5482602478339156,0.0008980340527946482,-0.005217782247038684,0.014330561949050462,0.0038061339873820543,-0.05305614322423935,-0.04506547749042511,0.23995789687952274,-0.7200703875326399,0.16863806304133122,-0.03595899969339354,-0.6288589249977642,0.14620335414563224,0.1848507492169702
1710804614.9843042,0.5460891794241041,0.008569321673926277,-0.012039657293139924,-0.0028582738859434464,0.008807911537587643,-0.05215425044298172,-0.04864402487874031,0.23422990994530535,-0.7187320419036526,0.16675772486219553,-0.036405401229858234,-0.6277344058892075,0.138192777401115,0.17752712254648143
1710804615.1440904,0.5403717455393873,0.03670816660802894,0.008498255430538719,0.015070759652610653,0.008055039681494236,-0.05071455240249634,-0.044286664575338364,0.22496896013463022,-0.7128771023525124,0.16811319358846719,-0.0340016204118727,-0.6264817498178132,0.1300042542956335,0.170190898624543
1710804615.312547,0.5411938769304518,-0.02196948079139236,0.005064569128223648,-0.0035760620013625117,0.010180420242249966,-0.05225718393921852,-0.04693024605512619,0.22243392587737498,-0.716575339281281,0.16896573884231936,-0.034603597521781757,-0.6247998071970589,0.1211968536691206,0.16230307250538925
1710804615.5823076,0.5353031445658538,0.012915154482296375,0.012368604612344266,0.007542373068578978,0.015379776246845722,-0.06579504162073135,-0.05428439378738403,0.21362080773831416,-0.7130908559106232,0.17230276412908874,-0.03256868004798873,-0.6210780244485207,0.10512279526695029,0.1481364392175667
1710804615.8552618,0.5352732611791309,0.01809428836567111,0.024737896417446257,-0.0031133146075284198,0.02328249253332615,-0.0714542344212532,-0.061257608234882355,0.21086861515253086,-0.7081623013919384,0.17904091645135825,-0.03341669023036942,-0.6153771946044941,0.08672416846144715,0.13191363020528443
1710804616.0159695,0.531190296102976,-0.06129323104172621,-0.04427045465773624,0.04391888410816835,0.023070326074957848,-0.06530410796403885,-0.05563119798898697,0.20663028070035905,-0.7180899306755968,0.17187045644147855,-0.02630317389965041,-0.6115279598944001,0.07594886060312804,0.12249086743722808
1710804616.1747158,0.5319043378429424,-0.003649138618131812,0.0024983694753232108,0.019202049852361014,0.026717474684119225,-0.06058705225586891,-0.0531013160943985,0.20596180304210107,-0.7186650781528816,0.17226422906878236,-0.02327670335769637,-0.607562883756659,0.06647911362798896,0.11414991729447284
1710804616.3322396,0.5315363028175122,0.007842316355575366,-0.008321215125498781,0.0037538839287059042,0.01847884990274906,-0.04180418699979782,-0.03562002629041672,0.20578255835817497,-0.7174236475571142,0.17094698929135196,-0.022682467401027515,-0.6043514997072449,0.05892838478171484,0.10775135853675019
1710804616.4900308,0.5532510079358308,0.6960599706431612,0.02760203203439198,-0.28364265034013203,0.014295564033091068,-0.029459970071911812,-0.025350065901875496,0.2095347655153399,-0.6075708086815177,0.17530316793341838,-0.067447217106819,-0.6016995931760366,0.053654387843736086,0.103057683382137
1710804616.6439698,0.5336012988481451,-0.025428170870339904,-0.0054711976056011835,0.01162231208196117,0.0050192284397780895,-0.013675105758011341,-0.008398464880883694,0.2076152870358118,-0.6114846322816785,0.17446105851001026,-0.06565834760665878,-0.6003557746686656,0.05074479510278068,0.10069832375864837
1710804616.7955928,0.5474761235283276,-0.6580855513666299,-0.017850240257988922,0.28582183717310194,-0.0009972188854590058,0.0002197298308601603,9.571148984832689e-05,0.20541114060234897,-0.7114734370997897,0.1717489123682116,-0.02223088771104796,-0.6000333459587587,0.05009052459467753,0.10013773348891934
1710804616.955475,0.5336023230911211,-0.00535777459824931,0.012482152622221281,-0.006594564635442981,-0.0002945990418083966,-0.0009948016377165914,-0.0021867428440600634,0.20757773089694587,-0.712320431693884,0.17372217861893,-0.02327340275049193,-0.600018669554308,0.05008203679146146,0.09997408774547897
1710804617.1140997,0.5521240093667497,0.6511475403210082,-0.01284142563138114,-0.2912024643985048,-0.00042037133243866265,-0.0013341906014829874,-0.0006517312140204012,0.20907015053454764,-0.607959168306058,0.17166404690590675,-0.06994524776935562,-0.5999750176274072,0.05003549914795973,0.09991668896978499
1710804617.2653239,0.5364705919947537,-0.12302027579009497,0.014449334084961109,0.01501602496023261,0.00033934603561647236,-0.0012973456177860498,-0.0010264490265399218,0.21010437606843455,-0.626600668708553,0.17385358245547894,-0.06766984045505509,-0.5999919510734129,0.050044266197055445,0.09998181684823922
1710804617.4239206,0.5345647338137107,0.13181547947000724,-0.021047596019113886,-0.009800981481816155,0.00012188837717985734,-0.0013574816985055804,0.001106441137380898,0.20778959790507012,-0.605733094229887,0.1705215589382738,-0.06922142386436447,-0.5999855930015848,0.04999719482956728,0.09994524212918557
1710804617.5776577,0.5376556757566342,-0.011945079857197947,0.031080291740762322,-0.002352463500397501,-0.0003012011293321848,-0.00011053935304516926,0.0013666007434949279,0.21093679999770357,-0.6075708086815177,0.17530316793341838,-0.06958334326744064,-0.5999714609346277,0.05000979131886763,0.09993996865047047
1710804617.7376802,0.5388624161944964,-0.04005894201658587,-0.02771810175011647,-0.036426067067436105,-0.0006933539407327771,-0.0025761823635548353,0.0006951867835596204,0.213391401213322,-0.6139178379411594,0.17091144928151603,-0.07535477161407456,-0.5999645497959211,0.05000894195588257,0.09992722855735225
1710804617.8929517,0.5392725071628193,-0.009639375035986001,-0.019876761619209933,-0.025621902474951285,0.0008213343098759651,0.0003544927458278835,-0.002173701301217079,0.21512334832486132,-0.615415647802391,0.16782290780953696,-0.07933601915836319,-0.5999890881720175,0.049962356387532776,0.09996531009206724
1710804619.9943643,0.5497076948475723,-0.05685635276256901,-0.0005632188524725687,0.01925621181178425,-0.009784487076103687,-0.0023457580246031284,0.05124427005648613,0.23393748472883943,-0.7349468281677594,0.1666388323110397,-0.0388529840111731,-0.6029002718339146,0.04959279138934792,0.11473958750902245
1710804620.1536953,0.552838798031523,-0.0241282606044397,-0.025610493733741236,-0.01297584653711711,-0.00854317657649517,-0.0010552078019827604,0.06180788576602936,0.24128866349943456,-0.7388076798350747,0.16254080307247581,-0.040929296910762636,-0.6045193462702767,0.0493814910909797,0.12454527126697078
1710804620.4545853,0.5586941651242634,-0.0018098407577161536,0.020342068452555404,0.006167045838383437,-0.008936109952628613,-0.0025437904987484217,0.08129178732633591,0.2576577500340656,-0.7393506034971119,0.1686431025430713,-0.039079280495643465,-0.6076651140746466,0.048927711514903646,0.14723946032007734
1710804620.8686068,0.5622394691630324,0.009193702887374365,-0.00963459324146356,-0.0006751535809790348,-0.0032329263631254435,-0.0005681738839484751,0.067416712641716,0.276303304226218,-0.7356366013934451,0.16475099291051945,-0.039352023899555055,-0.6099636194577448,0.04858839897378051,0.17757208565861143
1710804621.0356522,0.5636637409142109,-0.00375907368835349,0.021840087616480045,-0.01178053709370739,-0.0010207892628386617,-0.0012022098526358604,0.0607762411236763,0.28850691843485526,-0.7363063894805826,0.16864243844213503,-0.04145106852054581,-0.6103256250524276,0.04853801760797453,0.18863590867495916
1710804621.4176817,0.5637609159419086,0.0011819526576592732,-0.00686741396362853,0.011643302776410997,0.0003108855162281543,0.0008174005779437721,0.061410315334796906,0.3009028418765479,-0.7358550898786415,0.16602028503517183,-0.03700535923242554,-0.6103103167742348,0.048565072588373455,0.2099466670087521
1710804621.586991,0.5627922292750287,-0.013735606614799261,0.010355272530058602,-0.00447234790717008,0.0027009735349565744,0.0018782195402309299,0.06355459988117218,0.3122306548868451,-0.7381870853656604,0.1677783762126615,-0.03776466280221924,-0.609967741922303,0.04857968822121247,0.22076861281068846
1710804623.6543698,0.5628592410748534,0.0024876894141538323,-0.0030407739023395864,-0.000948106950566004,-0.01219212543219328,0.11440514028072357,-0.06274311244487762,0.3263603780456112,-0.7330468583479055,0.16149532975245606,-0.0397237035632132,-0.6144505471663663,0.12921761452568858,0.2626075062579785
1710804625.023097,0.5634548629061131,-0.013661494802546411,0.004052168197778407,-0.0043723414226841594,0.019228223711252213,0.10319998860359192,-0.03628271818161011,0.3112212039755405,-0.7517594827085128,0.16704572540293003,-0.0457126516103743,-0.6079234778943648,0.2629465548978486,0.2130785237130435
1710804629.6998854,0.5551970582782819,0.008941204575317127,-0.0008882098367445029,0.003104985224976673,-0.0048222532495856285,0.0009794230572879314,0.07667221873998642,0.3449746391543648,-0.7099491278756588,0.16289232883007487,-0.03119329541921599,-0.6089086694939289,0.3024435756213018,0.26767754114519055
1710804629.8533347,0.5524286529949118,-0.0004200474417834152,-0.0167003203767576,0.01687566666099021,-0.0019614887423813343,0.0005483782733790576,0.06861969828605652,0.35330411813134655,-0.7100138172030628,0.16032039912609444,-0.02859436154365523,-0.6094606124089043,0.30260558469694654,0.2787617492810047
1710804630.1201725,0.44516723727128915,-0.8209839460523763,0.30348908293647076,1.6892572625675784,0.00010509067942621186,0.0020492745097726583,0.056883834302425385,0.34789796471536055,-0.9283689531290191,0.24103866441652094,0.42069335103034977,-0.6098670379008697,0.30270963481666907,0.29505014485112563
1710804630.3857892,0.5571657702902941,-0.014608180164282057,-0.003875716590948897,0.015694441079643493,0.001237876946106553,-0.00018160752370022237,0.06043235957622528,0.3480066048173153,-0.9322505291953483,0.2400088380733269,0.4248635601997376,-0.6097083967974329,0.3026938521028644,0.3102086046121252
1710804630.539428,0.557516870174221,-0.009128543282191433,-0.023406305579105505,0.0034033137386137572,0.003173787146806717,-0.00036894725053571165,0.0632796585559845,0.34720776059189373,-0.933658545203871,0.23639857387925245,0.42538849830627445,-0.6094389714119169,0.3026013655336266,0.32025958999572
1710804630.702274,0.5568641412035074,-0.01798789875722799,-0.004834141292343015,0.024338510474904596,0.0041017308831214905,-0.002614262979477644,0.07302560657262802,0.3484220414980449,-0.9365680978118281,0.23561664884208167,0.42932526588439945,-0.6087983445947368,0.3024378919519961,0.33185819787208015
1710804630.8512619,0.5582232777359013,0.0,0.0,0.0,0.005849347449839115,-0.0026127465534955263,0.07656094431877136,0.3460517003621729,-0.9365680978118281,0.23561664884208167,0.42932526588439945,-0.6079684463671408,0.30221478901806464,0.3436588423622213
1710804631.0148153,0.5582023860555634,-0.0076278771804745875,0.00797376454391944,0.0016379509279823383,0.007455999497324228,-0.002609462710097432,0.08183754980564117,0.3452640694951287,-0.9378053956700912,0.2369100521781684,0.42959095358848576,-0.6066681231086392,0.3018518594327396,0.3565297047939996
1710804631.1715007,0.5587826598853267,0.004457893766905123,0.011488582355541588,0.008301769108641416,0.011170477606356144,-0.001412576879374683,0.07414495944976807,0.34348707682645724,-0.9371024833292732,0.23872155032919357,0.4308999609947205,-0.6051653762430849,0.30142248623053225,0.36869287519950644
1710804631.331675,0.5572533052463229,-0.01649510735610122,-0.014538390104660305,0.005004597653262549,0.010523481294512749,-0.0037625429686158895,0.06794148683547974,0.3463074475848311,-0.9397456071329133,0.23639196470585289,0.4317018818855286,-0.6035206586856546,0.3010208202739889,0.3796947350467355
1710804631.4890738,0.5561399054065299,-0.018446457781562352,-0.004925678219716727,0.0050829010219825225,0.010429184883832932,-0.0014310140395537019,0.054190121591091156,0.34950298948226266,-0.9426559824362586,0.23561481971614012,0.4325038325786591,-0.6020093275744246,0.3006138590198459,0.3890605237949527
1710804631.6519432,0.5570298760188868,0.005975833313659098,0.0015956809558956,0.017852763123883824,0.007899440824985504,-0.008064300753176212,0.039938002824783325,0.3491283746549186,-0.941685876072977,0.23587385978098652,0.4354020190238953,-0.6006469030732877,0.29956338915166275,0.39632920580237063
1710804631.929755,0.5567728449076919,-0.005422156397584014,0.010302690174198308,0.0009728097686948381,-0.0018054500687867403,-0.02805083431303501,-0.016636328771710396,0.3498158152953875,-0.9431936511528104,0.23873879733734726,0.4356725347042084,-0.5999359476153883,0.29451274806867617,0.3977974767793523
1710804632.1018174,0.5584824468765206,0.01696761638972191,0.004472659409672864,-0.004729035126105288,-0.006009019445627928,-0.03517764061689377,-0.05655182525515556,0.3460282667571816,-0.9402816342499117,0.23950640426001235,0.4348609280586243,-0.6006714680131459,0.2888803065202101,0.390558398117142
1710804632.253841,0.5577113590908858,0.0,0.0,0.02075065619675253,-0.007571292109787464,-0.04889572411775589,-0.07700715959072113,0.34624203474785153,-0.9402816342499117,0.23950640426001235,0.4380199444293976,-0.6016377375421091,0.28236893238759625,0.3799970047296579
1710804632.418084,0.5569329357916006,-0.010343760581417052,-0.012813065641101472,-0.03576164627521167,-0.004031781572848558,-0.04963291436433792,-0.08737484365701675,0.3479008221401433,-0.941954437463198,0.23743426258506017,0.43223653554916386,-0.6023579313019048,0.27450592764964726,0.36639667909299056
1710804632.5714753,0.556864605441256,0.0017195354336194532,-0.009990892250433701,-0.030401769562967407,-0.0017397981137037277,-0.050628725439310074,-0.0906633585691452,0.34865027700809137,-0.941685876072977,0.23587385978098652,0.4274883103370667,-0.6026861264165516,0.2662981527104839,0.35192014382205944
1710804632.7370758,0.5524556119708268,-0.02079053951067201,0.014184787558041971,0.03345544328210847,0.0036347347777336836,-0.05174392834305763,-0.0785403624176979,0.35642595674956257,-0.9451349570153349,0.23822706857639675,0.43303845643997196,-0.6022910425377657,0.25769976484913193,0.33754852476962227
1710804632.8938913,0.5563699580898716,0.037995463155749365,-0.0317380978205276,-0.03895562605106253,0.0053178430534899235,-0.04749853163957596,-0.06848984211683273,0.35302905818233304,-0.9392095800159148,0.23327752515169337,0.42696334242820744,-0.601427277158158,0.2502347743044457,0.3257453425547302
1710804633.0599594,0.5530006301152579,-0.010047432625398733,-0.01253884245443438,-0.015880637742006716,0.00640373257920146,-0.0423540361225605,-0.048516854643821716,0.35773631231942643,-0.9408801931660555,0.23119265871138822,0.42432282686233525,-0.6001684136097568,0.24327815567062058,0.31594989118773653
1710804633.2173643,0.5511033654844315,-0.015014641609585055,-0.024855292102299153,-0.02525578007824128,0.008164230734109879,-0.034794002771377563,-0.04310327023267746,0.36217693843147186,-0.9432492810534814,0.22727086204190278,0.42033783912658695,-0.5987995862023958,0.23739513744644167,0.3088746546389669
1710804633.4846292,0.4321423513703666,0.813767543761558,-0.22571533995252005,-1.6848627880752598,0.010101688094437122,-0.03646247833967209,-0.04068240150809288,0.35903102104387136,-0.7253399129746461,0.16682917021993823,-0.03083201676607117,-0.59623387146937,0.22804225361392594,0.2985429406002159
1710804633.9855437,0.5596334057550474,-0.006014545298271933,0.005493486529908717,0.00331976154756114,0.013210058212280273,-0.03528400510549545,-0.03868991509079933,0.34057247915306116,-0.7283498255797543,0.16957832473326695,-0.029170678853988496,-0.5902340602456441,0.21066924836663883,0.27941510325139574
1710804634.1395395,0.5598196884781532,-0.030504177347496924,-0.014179088845261659,0.0002611048669134415,0.015136492438614368,-0.03359397128224373,-0.0364091619849205,0.337944433302059,-0.7330475429570833,0.1673947106234918,-0.0291304680705069,-0.5880840686506132,0.20540584360255146,0.2737675096158676
1710804634.73374,0.5622876001557195,0.006294204428525036,0.003135976313063489,-0.01068188542108238,0.017801722511649132,-0.03258763998746872,-0.033887069672346115,0.3251236936161501,-0.7293092545953631,0.1692572468481855,-0.03547471195459351,-0.5782522074032895,0.18544726122787664,0.2519710535014405
1710804634.8910775,0.5631130705038074,0.018715778670052276,-0.015340344314848925,0.001194027229241141,0.018401693552732468,-0.03322911262512207,-0.0358288548886776,0.31994615416189476,-0.7263559010229663,0.16683653748403007,-0.0352862942218779,-0.5753770616042629,0.18019086183371633,0.24648061943537122
1710804635.7039945,0.5638546203497101,0.1428668167863189,0.015759230600833122,-0.05104396081919027,0.024619173258543015,-0.029921678826212883,-0.0329064279794693,0.30104829759063534,-0.6103454518951728,0.1796333188573111,-0.07673491716384873,-0.5576796540059884,0.1545007649083335,0.2186034412437869
1710804635.8600128,0.5630493784338289,-0.7074718664738701,-0.061526504525335105,0.2776698369461491,0.026324335485696793,-0.03007509931921959,-0.03583376854658127,0.29868948029524384,-0.7208165817447967,0.17002600753836297,-0.03337700843811019,-0.5539254932333201,0.14976482974799998,0.2135080961936692
1710804636.0164583,0.5633814685529832,0.7706408424156673,0.0782426816164977,-0.28805028369434105,0.023976678028702736,-0.029328081756830215,-0.032383885234594345,0.2936126806417847,-0.6006448268264301,0.18222697047967307,-0.07829483032226547,-0.550004222226925,0.1450764837451214,0.20852179530260506
1710804636.169094,0.5633327586212971,-0.029177346179588958,-0.022111432663325763,-0.005428645937471423,0.0282116811722517,-0.028616534546017647,-0.03433852270245552,0.2912534514557136,-0.6051329499276904,0.17882574162467674,-0.0791298764944075,-0.5458300560767646,0.14052480994714198,0.2034383071328444
1710804636.3463414,0.5622536378134635,0.014310699174989736,-0.013027531646129952,0.01710331087049296,0.027045028284192085,-0.029879780486226082,-0.02966943010687828,0.2843083001051578,-0.6027264667144542,0.17663503550801785,-0.07625378847122177,-0.5414366385467334,0.13565612638419364,0.1983286135120027
1710804636.5038579,0.5620008848329561,0.005627336174898283,0.0028779057349231215,0.002261692394009581,0.027554826810956,-0.02846127562224865,-0.028270576149225235,0.28061251351952066,-0.6017938643927022,0.1771119825903949,-0.07587896466255173,-0.5367271182495807,0.1309602001583767,0.1931558179742616
1710804636.6574388,0.5613772708590616,-0.016948268882554084,-0.016052531854186758,0.006488051865048367,0.029735654592514038,-0.027563733980059624,-0.029963210225105286,0.2772050397945222,-0.6044113133794293,0.1746328690285729,-0.07487696588039383,-0.5322491529023743,0.12662814740421535,0.18843046543238612
1710804636.8182926,0.5617452354820773,0.0024254299887204876,0.022392907996066958,-0.010840188122464036,0.027010254561901093,-0.028667820617556572,-0.02742549404501915,0.27709077380493247,-0.6040193925327632,0.17825129854496807,-0.07662861227989182,-0.5275803901526163,0.12223658633356792,0.1837532762200923
1710804636.9754267,0.5615018074474887,0.005979716832507484,0.00303597883623441,-0.011182532043937241,0.03000137209892273,-0.028061682358384132,-0.03023170679807663,0.27640316931478026,-0.6030861880614005,0.17872509840945905,-0.07837377667427048,-0.5226645886978895,0.11805517352773805,0.17901744030470174
1710804637.137151,0.5588926621665504,-0.015035015429580117,-0.02171245631292288,0.03897139145853059,0.03225056827068329,-0.02589735947549343,-0.03002074360847473,0.268841527275372,-0.6055243223107646,0.1752041254099762,-0.07205403029918656,-0.5177447785320689,0.11378811333895593,0.17451967459055012
1710804637.2935503,0.5598399297984429,0.0392605932569633,-0.0016583087655713284,-0.0196874332244574,0.029700443148612976,-0.0272124782204628,-0.02405269257724285,0.2681783210301248,-0.5993915394962387,0.17494508583224722,-0.07512934684753403,-0.5127946539723754,0.10975548022305877,0.17016824100979094
1710804637.44724,0.5598505493264476,0.03751817075637792,0.012096191176667619,-0.019373170111406098,0.0359567292034626,-0.02410825341939926,-0.03039189986884594,0.26816612277813123,-0.5936233554600056,0.17680479955063572,-0.07810785055160507,-0.5076380693534771,0.10598939220007439,0.16582816167456926
1710804637.6113994,0.5591584475290272,-0.06473680228705983,-0.019652337451295018,0.0262064505051916,0.03493446484208107,-0.024110034108161926,-0.029483480378985405,0.2662347756947372,-0.6042309017148821,0.1735846361943013,-0.0738137531280516,-0.5022896492668428,0.10201328336576426,0.16148707197217027
1710804637.7944844,0.5588487725308253,0.016238749286197847,0.008365220556543183,0.0002994181941032962,0.034942615777254105,-0.02366291545331478,-0.025942517444491386,0.26498221860642046,-0.6014346864543841,0.17502507701676778,-0.0737621951103209,-0.49642494462239195,0.09787418764419453,0.1569676698117999
1710804637.946932,0.561655984194706,-0.04884792697300613,-0.00410611893524181,-0.03122666746230772,0.035814594477415085,-0.021692849695682526,-0.02572641149163246,0.272327815759323,-0.6094365592611316,0.17435244578172399,-0.0788774955272673,-0.49060441883649836,0.09412848433145883,0.15265107214326962
1710804638.1037686,0.558828638367816,0.031032477787636428,0.008510304222502754,0.025624464548326946,0.03431059420108795,-0.021466705948114395,-0.023910099640488625,0.2675000223937828,-0.6045917225164946,0.17568108717759884,-0.07487696588039383,-0.4852102087411936,0.09068050174782408,0.14890689552607012
1710804638.2611077,0.558745840897471,0.015239881456893537,-0.013822542666539804,0.00470965114926291,0.0332602821290493,-0.02172238379716873,-0.023161664605140686,0.2655469956888169,-0.6021868771115888,0.17349989710011915,-0.07413378536701187,-0.47949234525541945,0.08723052528939784,0.14499826217358752
1710804638.4130418,0.5603071548316068,-0.026873842383186478,0.001155874341527766,-0.0027597148229395172,0.038538310676813126,-0.02132369950413704,-0.026141025125980377,0.26867672466297776,-0.6062759670318592,0.1736757734802678,-0.0745537000894545,-0.4738338190898106,0.08401197221511224,0.14133206268059195
1710804638.5746334,0.5599764357373291,-0.015213706161449729,-0.022181769596495465,0.006456153085970746,0.03741414099931717,-0.018612466752529144,-0.02155483514070511,0.2690881522605691,-0.6087094431319132,0.17012773557305783,-0.07352101981639847,-0.4680426093441949,0.08078960787017712,0.13776072217208812
1710804638.841302,0.5598481696331663,0.03047546111573348,-0.0011928337374377714,-0.008792626504824418,0.040003158152103424,-0.020034315064549446,-0.022505277767777443,0.26898211135476796,-0.6005367479272938,0.16980784979581415,-0.07587896466255173,-0.4578626329450669,0.075630649283542,0.13178934790963237
1710804639.0009818,0.5632874601892197,-0.08704061477147611,0.026842107148677703,-0.010212905734243233,0.038169801235198975,-0.019555652514100075,-0.02036413550376892,0.28149524465453074,-0.6144672796688273,0.17410383077694613,-0.07751350283622727,-0.45129581025527,0.07255816102650944,0.1281637231453332
1710804639.1547062,0.5619635964288738,0.04248209398305856,0.021490152273824455,0.009893952194199439,0.04953894391655922,-0.021018011495471,-0.02598569728434086,0.28041861334357865,-0.6079332698189426,0.17740914964114074,-0.07599175155162796,-0.4441459210420363,0.06945565982550038,0.12439374474686155
1710804639.3135052,0.5625684921954481,0.002320041567923456,-0.01347996957112359,0.0,0.05286170542240143,-0.021608594805002213,-0.02518991008400917,0.28261449521618137,-0.6075708086815177,0.17530316793341838,-0.07599175155162796,-0.43637833300711765,0.06612659501176897,0.12059045797876347
1710804639.4654326,0.5631910569818259,-0.019357906236352685,-0.0023921363688737354,0.013664263030192296,0.05456236004829407,-0.021894801408052444,-0.025072524324059486,0.2867795951860294,-0.6105514840238164,0.17493483357932754,-0.07388776719570145,-0.4278615465624941,0.06278964411326546,0.11661257255481472
1710804639.625673,0.5619242496890406,0.09304512282096458,0.012107585292770763,0.0016105472638298633,0.05487993732094765,-0.019955387338995934,-0.022984426468610764,0.2824715727475475,-0.595664367304765,0.17687203383200684,-0.07363008141517624,-0.41859813323642386,0.05950454589139591,0.11254889413748649
1710804639.7767155,0.5635176377145035,-0.014638886751511364,0.007322473901466124,-0.004941828938413491,0.05325940251350403,-0.018339907750487328,-0.02045021764934063,0.28924532022787836,-0.5978849156964061,0.17798276772323363,-0.07437969923019394,-0.40986224438995517,0.05673472023426234,0.10894853462544103
1710804639.9328868,0.563759106031426,-0.05354663656249334,0.009096871310409697,-0.005563689492920676,0.0504993200302124,-0.01520676538348198,-0.019298503175377846,0.3005131907570584,-0.606247058313692,0.17940338608793638,-0.07524855613708481,-0.4015945963653345,0.054311138803122924,0.10579695556287247
1710804640.0867589,0.5636115428950195,-0.04248014889032024,-0.021410601615214072,0.011071108139351096,0.044464111328125,-0.012194955721497536,-0.01627619005739689,0.30674337005593405,-0.6127830376809448,0.17610915915952285,-0.0735451596975325,-0.3948429472360361,0.05243338188666444,0.10336700541863761
1710804640.2472255,0.5637238270168481,0.04882969022165033,0.010403645371993496,-0.021565149647717188,0.0285785011947155,-0.00673711346462369,-0.010882923379540443,0.3071272740339551,-0.6049525407906252,0.1777775234756508,-0.07700342118740067,-0.3895823365948272,0.051085151710092494,0.10157955822722892
1710804640.4253635,0.5637229274451452,0.004239898159590101,0.008560669787041116,0.020042753085243056,0.014193996787071228,-0.004450951237231493,-0.0047273715026676655,0.3073282402621606,-0.6041995261742914,0.17929791600221856,-0.07344378709793076,-0.3860434268977876,0.05024251643661453,0.10034708566027487
1710804640.5808973,0.5635494093820494,-0.007137869820251399,0.003691595909720094,-0.009184340355444734,0.00357114989310503,0.0010144838597625494,-0.0008153117960318923,0.30985627231639257,-0.6053133615922377,0.17987397445894832,-0.07487696588039383,-0.38493249261531587,0.05006604334858563,0.10003181921525134
1710804640.7424276,0.5633786696051803,-0.013909532125476385,0.007247717368237247,-0.0046370055992907165,-0.0012895263498649001,-0.001380360801704228,0.0008542234427295625,0.31236419429245166,-0.607542665181497,0.18103557804109577,-0.07562014639377579,-0.38497876223634486,0.0500099935227144,0.10007559966574003
1710804640.899474,0.5628060858229511,-0.049656183066096884,-0.010203899152265076,0.001680728576821442,0.0017098598182201385,5.356989640858956e-05,-0.0009202349465340376,0.31721750300001705,-0.6153830141966191,0.1794244568124992,-0.07535477161407456,-0.3849293370811814,0.04998773319460384,0.1000424390040079
1710804641.0527875,0.5636367526891577,0.05783155080095085,0.013699218893838688,-0.013336203699629786,-0.000930907903239131,-0.000668169988784939,0.0006524234777316451,0.312924232750607,-0.6066084225239327,0.18150299439904805,-0.07737823009490952,-0.384942771009295,0.0499728844141836,0.10006399866847344
1710804641.2171266,0.6624131931499542,-0.03482761051919765,-0.010501276963226745,0.025262290683928428,-0.0005008059088140726,-0.000158311115228571,-0.0005098090623505414,0.3139864392742876,-0.6123962621787162,0.17975783570663284,-0.07318000674247727,-0.3849103671151026,0.04999190622044773,0.1000206143298471
1710804641.384362,0.6606022583947226,-0.050569807819810964,0.009836961190420787,-0.024135415141414228,-0.0007650149054825306,-6.491112435469404e-05,0.00019809507648460567,0.3229808959266385,-0.6207950886696256,0.18139159572665386,-0.07718850851058945,-0.3849358175635941,0.049974962314729365,0.1000591482569442
1710804641.541075,0.563792526589604,0.07925395574134533,-0.011897898625448157,0.007588209283516882,-0.0005286784144118428,-0.0007953765452839434,0.0003674053295981139,0.3125036913281116,-0.6082957334838496,0.17951514603410873,-0.07599175155162796,-0.38493010280344414,0.04997580264165181,0.1000364014179795
1710804641.7034798,0.6621335568670483,-0.012653425407526349,0.0007295104514491239,-0.01781442072201486,0.0006809636252000928,-0.00035316022695042193,-3.5889741411665455e-05,0.3156592825758294,-0.6103454518951728,0.1796333188573111,-0.0788774955272673,-0.38494004309145996,0.049964896986115205,0.10006183700684047
1710804641.8680584,0.6625702478610178,0.01026929636242372,0.012098568998805365,0.017563747135877317,-0.0006352880736812949,0.0004426991508807987,-0.0006207527476362884,0.31364604971211413,-0.6086581946212745,0.1816211277418311,-0.07599175155162796,-0.3849234199662033,0.04997611647121488,0.10003718390393235
1710804642.0275211,0.5632318194822394,-0.006973645830210591,0.0036789715507273705,-0.002321849971395881,-0.000586733513046056,-0.0006039964500814676,0.0011711010010913014,0.31488331901588146,-0.6097742163111434,0.1822098889360454,-0.07636332690715775,-0.3849306660479358,0.04999508156067238,0.10003431256170482
1710804642.187179,0.5633425358551001,0.024549860220882833,0.005065393125263843,-0.02398719428607285,-0.0009633905719965696,-0.0002331300056539476,0.0018968690419569612,0.31462229598078,-0.6058545890034335,0.18301862890602622,-0.08019311904907214,-0.3849273929075715,0.049998404141029705,0.10004001596474238
1710804642.339429,0.5606371719325909,-0.09817114429648331,-0.010690921494999665,-0.01598365406909344,-0.0019318533595651388,-0.001404127455316484,0.001120816101320088,0.325982080378275,-0.6207950886696256,0.18139159572665386,-0.08262564420700061,-0.38490613175636923,0.05001625756291359,0.10002494368279212
1710804642.4957712,0.6625128823612874,0.052667903342939075,-0.0036819800044435515,0.01922053425151622,0.000627134635578841,-0.0005437058280222118,-0.0003880445729009807,0.3181529414312038,-0.612578587147131,0.18081718527185908,-0.0796271282434462,-0.38494493864164964,0.04997196291658877,0.10004964820863131
1710804642.653452,0.5635006418731778,0.009479419528821548,-0.017340410159437075,0.016134407453473023,-0.0008183036115951836,-7.86828895797953e-05,0.001079489360563457,0.3145660108005234,-0.6110976425523774,0.1781081389406624,-0.07710649251937851,-0.38491562368728377,0.04998961939050191,0.10003501713135397
1710804642.8170683,0.5633842844251791,0.02034161940250887,0.023988042382471007,-0.0038979624838292367,-0.0008931134943850338,0.0002879448584280908,0.001553026377223432,0.31417507771113545,-0.6077236227821544,0.18208698288842706,-0.07775303900241837,-0.3849180454947492,0.049972611900985515,0.10003741958019724
1710804642.9764924,0.6624215648501006,-0.011820711955064208,-0.005892178739685578,0.00878897562284851,0.00043285649735480547,0.00012882912415079772,9.129914542427287e-05,0.31433346938772677,-0.6095927127743759,0.18115531207565438,-0.07636332690715775,-0.3849072259807585,0.050007167463858075,0.10005131581425447
1710804643.1730173,0.5629345084172996,-0.027462673072374436,-0.01953927503339437,-0.00582353527001008,-0.0010086039546877146,-0.0010071415454149246,0.003138686530292034,0.3174222676937132,-0.6150167213964952,0.17729621227237624,-0.07751350283622727,-0.3850187717660665,0.04994945452515773,0.10036466469674835
1710804643.3392878,0.5634864299106861,0.01977358786651011,-0.004472483816963385,0.006929033362357021,-0.002079308032989502,0.0004496061010286212,0.004876937251538038,0.3143473872673454,-0.611849287273472,0.17657978701095406,-0.07640357494354233,-0.3852213059582541,0.04992569443953325,0.10083293033035895
1710804643.5107725,0.5637814251166542,0.04924480714938059,0.018304025647663192,0.013022514691077017,-0.0025220552925020456,-0.0008520943811163306,0.005743343383073807,0.30847773391433364,-0.6032660487348736,0.1797701298601796,-0.07413378536701187,-0.38547880260155476,0.04985440247408127,0.10150542301291852
1710804643.6656148,0.5628014759321183,-0.06269364140423005,-0.009764117160129194,-0.003092697546942072,-0.004159840289503336,-0.000794248073361814,0.00991401169449091,0.31557124125708574,-0.6131482360813664,0.17823104498828074,-0.0746212768554686,-0.3860300742670665,0.04975313677929871,0.10284977989710643
1710804643.8256927,0.5627768079131961,-0.017486605787338794,-0.008748825076531058,-0.00686446924316147,-0.007729857228696346,-0.0017708417726680636,0.019400186836719513,0.3184994900614596,-0.6159509640540596,0.17682879591442402,-0.07572150409221634,-0.38694744298672057,0.049529464237301486,0.10537016513287131
1710804643.9908555,0.5624846042758711,-0.007854521009970385,0.010060497864516455,0.00431952896830535,-0.011179886758327484,-0.0020798929035663605,0.027759160846471786,0.32107650894162865,-0.617252596438932,0.1784959974932055,-0.07500568211078629,-0.3884211957555973,0.049190856009719564,0.10940281834779485
1710804644.1454875,0.5628644952067825,0.04252723483408439,0.021119775347310285,-0.004276035452531106,-0.011370420455932617,-0.003015675349161029,0.03465420380234718,0.32006935989374175,-0.6107090074322999,0.18174565927639852,-0.07566362798213944,-0.3900545439914949,0.048822609118362496,0.11430338400447965
1710804644.3076735,0.5627805964746064,0.01165511491069761,0.005788084531060438,0.017929746894707662,-0.01037352904677391,-0.002667088294401765,0.03901711851358414,0.32001755367196166,-0.608839425189987,0.18267411859569227,-0.0727875399589537,-0.39199933392391206,0.048362367469114834,0.12047901945373796
1710804644.4713686,0.5622159293381348,0.0010927948821406591,-0.006349386994781922,0.0,-0.010769749991595745,-0.003242333186790347,0.043530091643333435,0.3226649051680022,-0.6086581946212745,0.1816211277418311,-0.0727875399589537,-0.3939056588713542,0.04797094305495287,0.12754123368382192
1710804644.6254969,0.561890998766666,-0.008599191022508572,-0.026635884884863657,0.00219442091062708,-0.010480320081114769,-0.0022989409044384956,0.04376291483640671,0.32502115942333265,-0.6099818963580455,0.17752097843822362,-0.07244974553585037,-0.3956749819338058,0.047547079724656736,0.13447556987056508
1710804644.784234,0.5617356676863754,0.03177406995662411,0.0016207802087090976,-0.008617420676462392,-0.00929955206811428,-0.0022046505473554134,0.043844133615493774,0.32639956516495944,-0.6049525407906252,0.1777775234756508,-0.0738137531280516,-0.397332319059171,0.04717449508450898,0.141531013799587
1710804644.9395516,0.5585907474463414,0.005050574725639225,0.04630964442374566,-0.029257231273796393,-0.00909222662448883,-0.0015581803163513541,0.042202163487672806,0.3354705974272357,-0.6041653596846851,0.1849953311695195,-0.07837377667427048,-0.3985485337255593,0.04693776567558655,0.14790558878040239
1710804645.1030622,0.5590359497779203,-0.021738975546215736,-0.017768363505080067,0.016823124004958275,-0.006585289724171162,-0.0007847180822864175,0.03885401040315628,0.33824375043464794,-0.6077236227821544,0.18208698288842706,-0.07562014639377579,-0.3995452795809449,0.04668279398474589,0.15402374696599125
1710804645.2650394,0.5541643950594815,-0.05184826107851413,-0.02584449999791904,-0.033943242528237445,-0.0041806953959167,-0.0004892686265520751,0.03219982236623764,0.34891010431913316,-0.6161343859496586,0.177894518876261,-0.08112637877464282,-0.4003225991879171,0.046483729407566725,0.15948687522834742
1710804645.4170651,0.5541866591363915,0.017233970491721463,0.016165197777691008,-0.013834672159931774,-0.005281100980937481,-0.0018745707347989082,0.03446075692772865,0.35285660430888777,-0.6135134344817881,0.18035293081703863,-0.08323036313056933,-0.4010195714988203,0.04636141093587295,0.16456070611711338
1710804645.573982,0.5452334505069238,-0.11381121904898353,-0.018633693513557276,-0.008379693063454022,-0.004850349389016628,-0.0014599307905882597,0.03498964384198189,0.3669138819198394,-0.6312775245659271,0.17744451271080075,-0.08453829765319812,-0.40158415096799693,0.04624726796327494,0.16973327732392224
1710804645.734465,0.5485793442657945,0.05266254032216993,0.025667463953326055,-0.013181728092606832,-0.0028260163962841034,-0.00022846796491649002,0.03363558277487755,0.3682646077496299,-0.6228519781562551,0.18155108272117848,-0.08664725899696338,-0.40204877260174743,0.04614653741220663,0.1751358093010324
1710804646.0097718,0.5357948479851209,-0.03597290216778683,0.016707758835555715,-0.020394329248850995,-0.0009563603671267629,0.000696924515068531,0.03317008167505264,0.38627132553361737,-0.6327777468866798,0.1861611458579231,-0.092274533510208,-0.40258342648562756,0.04602878235571109,0.18445463460164727
1710804646.3769948,0.5234545003359075,-0.034729413286068316,-0.006622630983047781,-0.013534651430557104,0.0006868944619782269,0.001492221257649362,0.03569852188229561,0.4056800874415186,-0.6455496600545955,0.18372564062315527,-0.09725196838378894,-0.40292608469121327,0.04595237030274966,0.19724533212959072
1710804646.5340703,0.519287720593065,-0.010920038137525184,0.025678798521057044,-0.002452844597174494,0.0014025511918589473,0.001680730958469212,0.03531122952699661,0.41230050077647235,-0.6472543278541981,0.18773421828745002,-0.09763486862182605,-0.40285504530413735,0.04596606637099867,0.20263581714643103
1710804646.688677,0.5156237190087571,-0.020567073212390912,0.00600605196290672,0.007164898613605696,0.0012262857053428888,0.0005135409883223474,0.03534820303320885,0.4177727931346018,-0.6504594890920103,0.18867019808122043,-0.09651829481124866,-0.40271606918606334,0.0459882015876359,0.2081112383161176
1710804646.8451867,0.5096776470296196,-0.006026396599768491,-0.002749468384007853,-0.0169623439972144,0.003133534686639905,0.000344887055689469,0.03466937318444252,0.42430929674542495,-0.6514003032027524,0.18824096336195,-0.09916638016700732,-0.40243634404490264,0.046056827811711866,0.21362587987610354
1710804647.230383,0.4990394395765376,-0.007312393234451062,-0.0033362271574651353,-0.002975923916165468,0.002847058465704322,2.267540548928082e-05,0.03747301921248436,0.43716808757284975,-0.6542227992209971,0.18695321972371937,-0.10031505107879626,-0.40137561921850284,0.046318919198239106,0.22741385193800812
1710804647.6291447,0.4890511024459885,-0.0018767326909087457,-0.0039024260796042486,0.004767976728812585,0.007412069942802191,0.0017757794121280313,0.040524307638406754,0.4482031429719581,-0.6549700587608366,0.1853993888928137,-0.0984165835380553,-0.3994223043627162,0.04676645012940609,0.24270261979391888
1710804648.0001464,0.4687889573421222,-0.008152704134642481,-0.00044100504130040543,-0.0030787169362380055,0.010505646467208862,0.002802579663693905,0.051188867539167404,0.4659720530284639,-0.657986109349984,0.1852362413662183,-0.09955553889274585,-0.396154732551255,0.047532093186363006,0.26046092170496626
1710804649.2696772,0.4570332897137708,-0.005494184985794573,-0.0005698283370649325,-0.002092379883494606,-0.07287874817848206,0.03570050746202469,-0.01614534854888916,0.48763187080555864,-0.6649644328415856,0.18451248589001906,-0.10221313118934619,-0.4134182124997771,0.06289737105181754,0.2974355949439551
1710804649.4255562,0.4622951713094199,-0.03270366545233661,0.0010672896739548124,-0.004700895517826306,-0.07404826581478119,0.03990182653069496,-0.01876644417643547,0.48154147605709074,-0.6700666613786791,0.18467899798450382,-0.10294653654098498,-0.42528574223379106,0.06890515262860873,0.2952505396880285
1710804649.6875334,0.4764850558051019,-0.0015098045986525336,0.008772308362728404,0.0,-0.06050759553909302,0.03928663954138756,-0.009238011203706264,0.468265771983598,-0.6704619772545105,0.1869758732003895,-0.10294653654098498,-0.44297108315354317,0.07933842349717286,0.291939403616328
1710804649.9578977,0.48387631879969684,0.010114674469671004,0.009238684613224461,-9.969381394154963e-05,-0.045797012746334076,0.03241443261504173,0.003939823247492313,0.4592512481529255,-0.6678313878889099,0.1893786381700936,-0.10297246456146228,-0.45578263493150933,0.08834107881098341,0.29166464329585207
1710804650.115531,0.49062497323907195,0.03045337532293417,-0.0010789495379244485,-0.0024199742552147414,-0.042447641491889954,0.033568259328603745,0.0007513310993090272,0.4531627222729789,-0.6627267512703755,0.1891977831659295,-0.1033781039714812,-0.46306691943261147,0.09401903431988251,0.29213853306983706
1710804651.4050832,0.5189518085973268,-0.07597372916779785,-0.01096388278442696,0.041328931359551964,-0.03799452260136604,0.04492373391985893,-0.0050425296649336815,0.4195863961392723,-0.760747748335581,0.17505222608971993,-0.05005568444728836,-0.5159466590039542,0.14484932091459238,0.2893746545122299
1710804652.1190763,0.5006932406938307,-0.2191417981159778,0.09704941107650178,0.6396979071060582,-0.03495879843831062,0.04808724671602249,-0.009954902343451977,0.39951503312441383,-0.9167242287212548,0.24412816547397148,0.40525603115558634,-0.5418754458916737,0.17826976164691072,0.2837516182771447
1710804652.484248,0.5431100762417906,0.006722436469850383,-0.006870594899095362,0.01124711184874223,-0.03289341926574707,0.05114331468939781,-0.008648806251585484,0.38532573693882455,-0.9142616777201586,0.241611341339928,0.4093760532140733,-0.5541093825845933,0.19676773254633764,0.2799337934748355
1710804652.650524,0.5443299236669039,-0.010744413241301052,-0.01306264650200144,-0.006648414508309827,-0.031193474307656288,0.05200791731476784,-0.013554812408983707,0.38156459201726345,-0.9159398979821967,0.23957102535959773,0.4083376061916352,-0.5590344919258106,0.20490892986302003,0.27792055153691236
1710804653.5051198,0.5514642112538983,-0.004268641962411186,0.004371715017707843,0.0026501795978099616,-0.03281914070248604,0.08447927236557007,-0.027527328580617905,0.36475169406008723,-0.9196354241925063,0.24335578584647116,0.41063196778297434,-0.5869809062257355,0.2623672121609841,0.26222935437779643
1710804654.660649,0.5541212667304733,0.0027451718033268723,-0.0006460665146300241,-0.00465160626518203,0.0010703436564654112,-0.0010299439309164882,9.381144627695903e-05,0.35716647561218384,-0.9164627847203217,0.24260911632163928,0.40525603115558634,-0.5999582502873921,0.30000741654454327,0.2500200620113684
1710804654.8236942,0.6521691877979312,-0.005972466051975412,-0.0015948291042841758,0.00151654094724775,0.00013761721493210644,-0.0002424979757051915,0.0007402057526633143,0.3581742707168646,-0.9174328898198624,0.2423500689141701,0.40550236225128183,-0.5999658499385776,0.29998710947230195,0.24999847693559973
1710804655.5449111,0.5545879778277345,0.007202130969017239,-0.009080035422925145,0.002899051997057077,0.000972768641076982,0.00010870494588743895,-0.002589537762105465,0.3556182750774766,-0.9122492990980293,0.2358148937591128,0.40758889734745035,-0.5999848570550175,0.29999260061130323,0.24999290200543473
